{"embed/mean_cos_sim":0.523613691329956,"time/collect":3.785799503326416,"_wandb":{"runtime":785},"train/learning_rate_actor":0.0003,"time/fps":9.933003316891496,"progress/num_timesteps":24832,"rollout/episodes_in_batch":8,"train/grad_norm_actor":0.48290116270894434,"embed/mean_feat_std":0.3323407471179962,"time/train":22.052706718444824,"time/update":0.052100406959652935,"train/ent_coef":0.6146795749664307,"train/actor_loss":-1.6194664239883423,"rollout/episode_length":150,"embed/mean_norm":274.81072998046875,"_step":24832,"train/entropy":2.734278678894043,"rollout/action_mean_abs":0.5151036977767944,"train/grad_norm_critic":0,"rollout/reward_std":610.0247192382812,"rollout/reward":641.2675170898438,"rollout/reward_step_std":0.6239172220230103,"train/mean_q_actor":-0.061238884925842285,"_runtime":785.008467274,"rollout/reward_step_mean":-0.07324205338954926,"_timestamp":1.773755041207721e+09,"rollout/action_std":0.589253842830658,"time/rb - sample":0.02597392071038484,"train/q_loss":2.3454930782318115,"time/rb - extend":0.2176046371459961,"train/ent_coef_loss":-1.7693068981170654}