{"time/train":6.136634111404419,"rollout/episodes_in_batch":8,"_runtime":2945.660596545,"train/q_loss":0.5676606297492981,"rollout/reward_step_std":0.08777574449777603,"eval/video":{"_type":"video-file","sha256":"223d8299ab62666dbd868438ba4aa8bde393171db70d5092da93bad93ad41b5c","size":611997,"path":"media/videos/eval/video_49920_223d8299ab62666dbd86.mp4","width":480,"height":480},"train/learning_rate_actor":0.0003,"rollout/reward":160.2963409423828,"rollout/episode_length":150,"_timestamp":1.7736816226732318e+09,"train/ent_coef":0.007107554003596306,"time/update":0.062182497233152355,"train/actor_loss":0.1673242598772049,"rollout/action_mean_abs":0.5358586311340332,"time/rb - extend":0.07498359680175781,"_step":71424,"eval/reward":-249.33184509277345,"_wandb":{"runtime":2945},"time/fps":27.00867688922143,"time/rb - sample":0.009956579655408856,"rollout/reward_std":31.01578140258789,"rollout/action_std":0.6047699451446533,"rollout/reward_step_mean":-0.7842814326286316,"progress/num_timesteps":71424,"time/collect":3.23807692527771,"train/ent_coef_loss":-14.7308988571167}