{"rollout/episode_length":150,"time/fps":19.913089944515903,"_runtime":1261.619093829,"time/collect":49.699627161026,"_timestamp":1.7733397112609012e+09,"time/train":1.430511474609375e-06,"_wandb":{"runtime":1261},"_step":24000,"rollout/reward":[760.8687744140625,493.5085754394531,419.8948059082031,320.9590759277344,1020.7508544921875,315.4028625488281,213.4010009765625,248.22035217285156],"time/rb - extend":0.22692513465881348}