{"rollout/episodes_in_batch":8,"_wandb":{"runtime":417},"time/rb - extend":0.22533917427062988,"time/collect":3.281226634979248,"_timestamp":1.7737538994230666e+09,"rollout/reward_std":324.33538818359375,"rollout/reward_step_mean":-0.46101072430610657,"_runtime":417.377483197,"_step":3840,"rollout/reward_step_std":0.30651238560676575,"rollout/action_std":0.6289652585983276,"progress/num_timesteps":3840,"time/fps":11.47370916895705,"eval/video":{"path":"media/videos/eval/video_2816_7cb25dca7c7c0fde1876.mp4","width":480,"height":480,"_type":"video-file","sha256":"7cb25dca7c7c0fde187688b54d97e805a66f30810c4217736fd21eeebc446ac6","size":253051},"eval/reward":-0.271968936920166,"rollout/reward":795.096435546875,"time/train":1.6689300537109375e-06,"rollout/episode_length":150,"rollout/action_mean_abs":0.557685375213623}