{"train/learning_rate_actor":0.0003,"rollout/episode_length":150,"time/train":63.26318907737732,"train/q_loss":3.0419797897338867,"rollout/episodes_in_batch":8,"rollout/reward":96.10198211669922,"train/ent_coef_loss":-29.242538452148438,"time/collect":3.286883592605591,"_wandb":{"runtime":4536},"train/ent_coef":0.004825999494642019,"_runtime":4536.472551731,"time/update":0.1534944055601956,"time/rb - sample":0.03504270408302549,"time/rb - extend":0.06966495513916016,"time/fps":3.9184169576286236,"train/actor_loss":-0.015482285059988499,"_timestamp":1.7734043362310128e+09,"_step":22784}