{"time/fps":76.78114177463672,"progress/num_timesteps":4864,"_step":4864,"rollout/episodes_in_batch":8,"_wandb":{"runtime":72},"rollout/reward_step_mean":3.181445598602295,"rollout/reward_step_std":2.6976566314697266,"time/collect":3.219783067703247,"rollout/episode_length":150,"rollout/action_mean_abs":0.5684788227081299,"time/train":1.6689300537109375e-06,"_timestamp":1.773667906977951e+09,"_runtime":72.713352464,"rollout/reward_std":249.00062561035156,"rollout/action_std":0.6377957463264465,"rollout/reward":401.7381591796875,"time/rb - extend":0.07717466354370117}