{"_wandb":{"runtime":24},"time/rb - extend":0.07581567764282227,"time/fps":56.44885186796007,"rollout/reward_step_mean":-0.24319663643836975,"_timestamp":1.7736728025732872e+09,"rollout/reward":392.4207458496094,"rollout/reward_std":142.8012237548828,"time/train":1.1920928955078125e-06,"_runtime":24.512212312,"rollout/action_std":0.6344024538993835,"rollout/action_mean_abs":0.5654463768005371,"progress/num_timesteps":1280,"rollout/episode_length":150,"rollout/reward_step_std":0.6166662573814392,"time/collect":4.375666856765747,"rollout/episodes_in_batch":8,"_step":1280}