{"time/collect":3.3734657764434814,"train/actor_loss":-2.5866897106170654,"_step":30208,"time/update":0.06261274591088295,"train/entropy":2.733757972717285,"time/train":6.211708307266235,"rollout/action_std":0.5822938680648804,"_runtime":811.677620948,"eval/video":{"width":480,"height":480,"_type":"video-file","sha256":"9fb71a814423d8f8b852914519ff29313d6e6ce23074ec5a0a8bf4bf51ca15e0","size":365433,"path":"media/videos/eval/video_24832_9fb71a814423d8f8b852.mp4"},"rollout/reward_std":189.39788818359375,"rollout/episodes_in_batch":8,"rollout/action_mean_abs":0.5120047330856323,"train/grad_norm_critic":0,"train/ent_coef":0.9747112393379211,"train/grad_norm_actor":0,"rollout/reward_step_mean":0.08022493124008179,"train/mean_q_actor":-0.07793498039245605,"train/q_loss":3.8756043910980225,"_timestamp":1.7737398041749375e+09,"rollout/episode_length":150,"train/ent_coef_loss":-0.09442281723022461,"time/rb - sample":0.010986778885126109,"rollout/reward_step_std":0.5891445875167847,"_wandb":{"runtime":811},"time/rb - extend":0.0697777271270752,"rollout/reward":403.1451110839844,"progress/num_timesteps":30208,"eval/reward":-34.87321796417236,"time/fps":26.341886829129614,"train/learning_rate_actor":0.0003}