{"rollout/action_mean_abs":0.5629367828369141,"rollout/action_std":0.6340296268463135,"_wandb":{"runtime":13},"time/rb - extend":0.21676898002624512,"_runtime":13.651951395,"time/train":1.430511474609375e-06,"_step":512,"time/collect":3.658442258834839,"time/fps":53.843768648566055,"progress/num_timesteps":512,"_timestamp":1.7737442142330787e+09,"rollout/reward_step_std":1.5180444717407227,"rollout/reward_step_mean":-0.30259189009666443}