{"train/q_loss":0.3972921669483185,"time/collect":3.3273138999938965,"time/rb - extend":0.0016551017761230469,"train/alpha_loss":-0.014524941332638264,"_wandb":{"runtime":1010},"_runtime":1010.110556334,"train/actor_loss":0.21003574132919312,"time/speed":106.5685389238452,"_step":88000,"time/rb - sample":0.00040605926513671815,"_timestamp":1.7731605683812902e+09,"time/update":0.001551005363464354,"train/reward":-156.1369171142578,"time/train":2.1982905864715576,"train/episode_length":1000}