{"progress/num_timesteps":4864,"rollout/reward_std":149.83526611328125,"rollout/episodes_in_batch":8,"rollout/reward":279.5947570800781,"rollout/reward_step_mean":1.9131698608398438,"_runtime":72.236423394,"time/rb - extend":0.057146310806274414,"time/train":1.6689300537109375e-06,"rollout/action_std":0.6141147017478943,"rollout/episode_length":150,"_step":4864,"rollout/action_mean_abs":0.5418626070022583,"time/collect":4.017177581787109,"rollout/reward_step_std":1.4202107191085815,"_timestamp":1.7736580145475364e+09,"_wandb":{"runtime":72},"time/fps":71.45106542438467}