{"rollout/action_mean_abs":0.5741337537765503,"_wandb":{"runtime":70},"rollout/reward_std":130.42501831054688,"rollout/reward_step_mean":1.4383196830749512,"time/collect":3.3309552669525146,"rollout/reward_step_std":0.9307579398155212,"progress/num_timesteps":4864,"rollout/episodes_in_batch":8,"rollout/reward":222.01544189453125,"_runtime":70.925788811,"_timestamp":1.7736646302685852e+09,"_step":4864,"rollout/action_std":0.644649088382721,"time/fps":76.77685979482766,"time/rb - extend":0.07501935958862305,"time/train":1.6689300537109375e-06,"rollout/episode_length":150}