{"train/ent_coef_loss":-2.0193161964416504,"train/q_loss":11.002459526062012,"time/update":0.16672548282146438,"_timestamp":1.7733963561916823e+09,"time/rb - sample":0.03208227002620694,"time/fps":73.2922048363408,"train/ent_coef":0.5487803816795349,"_runtime":614.07294439,"_wandb":{"runtime":614},"_step":1000,"time/collect":13.628345012664795,"time/rb - extend":2.2365434169769287,"train/actor_loss":-2.035329580307007,"train/learning_rate_actor":0.0003,"time/train":516.9771993160248}