{"time/rb - extend":0.22836828231811523,"progress/num_timesteps":1792,"_runtime":36.078364625,"time/collect":4.139863967895508,"_wandb":{"runtime":36},"rollout/reward_std":111.68451690673828,"_timestamp":1.7737530387589877e+09,"time/train":1.9073486328125e-06,"rollout/reward_step_mean":-0.09577089548110962,"rollout/action_mean_abs":0.5694234371185303,"rollout/action_std":0.6382850408554077,"rollout/episode_length":150,"rollout/episodes_in_batch":8,"rollout/reward_step_std":1.0392060279846191,"_step":1792,"rollout/reward":324.85650634765625,"time/fps":60.59413542030848}