{"_timestamp":1.7737407830645342e+09,"_wandb":{"runtime":688},"rollout/episode_length":150,"rollout/reward_std":301.3006896972656,"rollout/action_mean_abs":0.5064833760261536,"train/actor_loss":-2.547480583190918,"rollout/reward_step_mean":-0.4990392327308655,"train/learning_rate_actor":0.0003,"eval/video":{"size":361678,"path":"media/videos/eval/video_24832_62d30cdb15bc6d3ddcfd.mp4","width":480,"height":480,"_type":"video-file","sha256":"62d30cdb15bc6d3ddcfdca7a11f4c8436a99396d6ae4391d392d2a219d79be39"},"train/mean_q_actor":-0.13675332069396973,"_runtime":688.631707709,"progress/num_timesteps":26880,"time/rb - sample":0.011068664491176597,"time/fps":19.005080610918586,"rollout/reward_step_std":0.45444434881210327,"train/q_loss":3.762467861175537,"_step":26880,"rollout/episodes_in_batch":8,"train/ent_coef_loss":-0.06331439316272736,"time/update":0.06199624761939047,"train/grad_norm_critic":0,"eval/reward":-25.032640838623045,"time/rb - extend":0.0757899284362793,"train/ent_coef":0.982854425907135,"time/train":6.233531951904297,"train/grad_norm_actor":0.5731594497995236,"rollout/reward":606.6531982421875,"time/collect":3.247076988220215,"rollout/action_std":0.5822240114212036,"train/entropy":2.7310595512390137}