{"time/collect":4.353456735610962,"time/fps":17.434950838279697,"rollout/reward":553.7388305664062,"train/ent_coef":0.7132431864738464,"rollout/reward_std":309.42205810546875,"train/q_loss":2.795186758041382,"train/mean_q_actor":-0.15820419788360596,"train/entropy":2.7374818325042725,"_wandb":{"runtime":8492},"_step":155136,"_runtime":8492.940553473,"progress/num_timesteps":155136,"_timestamp":1.7737538583844626e+09,"rollout/action_mean_abs":0.5025184154510498,"embed/mean_norm":272.7275085449219,"rollout/episode_length":150,"rollout/reward_step_std":0.5536418557167053,"time/train":9.804534196853638,"time/update":0.09233146533370018,"time/rb - sample":0.031650066375732415,"embed/mean_cos_sim":0.4744638502597809,"embed/mean_feat_std":0.3482184410095215,"train/learning_rate_actor":0.0003,"eval/reward":92.54645233154297,"time/rb - extend":0.22797894477844238,"train/ent_coef_loss":-1.261803150177002,"train/grad_norm_critic":0,"rollout/episodes_in_batch":8,"rollout/action_std":0.5752339363098145,"train/actor_loss":-1.7942860126495361,"train/grad_norm_actor":0.2521388167642738,"rollout/reward_step_mean":-0.18368008732795715,"eval/video":{"width":480,"height":480,"_type":"video-file","sha256":"01ee601ca4e354ee6ebe8d7c6e6f5bd6bc9f034ce3d2198364b814372d2d4b3e","size":302001,"path":"media/videos/eval/video_149760_01ee601ca4e354ee6ebe.mp4"}}