{"train/actor_loss":0.09612349420785904,"time/rb - extend":0.07278227806091309,"time/fps":21.75657945344262,"rollout/reward_step_mean":1.854846715927124,"time/collect":3.073086977005005,"train/q_loss":4.41973352432251,"rollout/action_std":0.5821816325187683,"_runtime":6776.887839952,"train/ent_coef_loss":-12.910924911499023,"rollout/reward":244.13973999023438,"time/update":0.08124293386936182,"rollout/action_mean_abs":0.511025607585907,"train/ent_coef":0.02989305928349495,"rollout/episode_length":150,"eval/reward":202.54396057128906,"rollout/reward_std":108.53083801269531,"progress/num_timesteps":161536,"train/log_alpha":-3.510128974914551,"_step":161536,"rollout/episodes_in_batch":8,"_timestamp":1.7736758713158188e+09,"_wandb":{"runtime":6776},"rollout/reward_step_std":1.0330032110214233,"time/train":8.4963960647583,"train/learning_rate_actor":0.0001,"time/rb - sample":0.026389420032501207}