{"rollout/action_std":0.6017130613327026,"rollout/reward_step_std":1.4328652620315552,"time/rb - sample":0.029890932142734514,"_timestamp":1.7736779693985503e+09,"train/actor_loss":-2.2221734523773193,"time/train":9.788251399993896,"train/ent_coef":0.8630812168121338,"rollout/reward_std":256.3057861328125,"rollout/reward_step_mean":0.3918766975402832,"rollout/episode_length":150,"rollout/episodes_in_batch":8,"rollout/action_mean_abs":0.5283519625663757,"time/collect":3.4395360946655273,"_step":10752,"train/q_loss":3.832169532775879,"time/fps":17.661700827378805,"_runtime":424.023549421,"progress/num_timesteps":10752,"time/rb - extend":0.08815264701843262,"train/learning_rate_actor":0.0001,"rollout/reward":437.444091796875,"train/ent_coef_loss":-0.5369356870651245,"_wandb":{"runtime":424},"time/update":0.0925599597394466}