{"_timestamp":1.7733915020105026e+09,"time/rb - extend":0.24555325508117676,"time/collect":12.99848198890686,"time/fps":71.48223353430184,"rollout/reward":[688.3759765625,309.8387756347656,573.6461791992188,667.6534423828125,762.4820556640625,945.1693725585938,242.260009765625,353.9083557128906],"_wandb":{"runtime":73},"_runtime":73.386957935,"_step":4000,"rollout/episode_length":150,"time/train":1.9073486328125e-06}