{"time/train":1.1920928955078125e-06,"_wandb":{"runtime":84},"time/fps":9.99535909908798,"time/collect":25.81717824935913,"rollout/action_std":0.6353514194488525,"rollout/reward_step_std":0.3788152039051056,"rollout/action_mean_abs":0.5653315782546997,"_timestamp":1.773673581647394e+09,"progress/num_timesteps":768,"_runtime":84.826726919,"time/rb - extend":0.03880429267883301,"_step":768,"rollout/reward_step_mean":0.15053042769432068}