{"train/q_loss":0.7329250574111938,"time/collect":3.2759783267974854,"time/train":18.598592042922974,"_wandb":{"runtime":69123},"eval/video":{"width":1448,"height":1448,"_type":"video-file","sha256":"471a1c141143cf0b7c6f2851c07d7d62f46f505bfdbca2727d4fa133ff3a5d81","size":642266,"path":"media/videos/eval/video_974848_471a1c141143cf0b7c6f.mp4"},"embed/mean_norm":273.4237365722656,"embed/mean_cos_sim":0.47289225459098816,"train/ent_coef":0.09068559110164642,"rollout/reward_std":133.2452850341797,"_step":979200,"rollout/action_std":0.5978044271469116,"train/grad_norm_critic":0,"time/fps":12.450089258044825,"time/rb - sample":0.07013793662190433,"train/actor_loss":-0.1330215185880661,"train/ent_coef_loss":-8.9472017288208,"rollout/episode_length":150,"train/mean_q_actor":-0.11436441540718079,"time/rb - extend":0.14153718948364258,"train/entropy":2.727952003479004,"train/learning_rate_actor":0.0003,"rollout/reward_step_mean":-0.3985910415649414,"progress/num_timesteps":979200,"_timestamp":1.7738359014840093e+09,"rollout/reward_step_std":0.4435485601425171,"_runtime":69123.183094307,"train/grad_norm_actor":0.020291747372950884,"eval/reward":37.132347869873044,"time/update":0.1965128369629383,"rollout/action_mean_abs":0.5245890617370605,"embed/mean_feat_std":0.3501497805118561,"rollout/reward":322.1147766113281,"rollout/episodes_in_batch":8}