{"_step":5000,"rollout/reward":[687.8523559570312,182.8934783935547,310.3401794433594,478.6705627441406,188.52606201171875,220.0063934326172,156.34341430664062,298.8052978515625],"_wandb":{"runtime":742},"_timestamp":1.773394471885387e+09,"time/fps":73.85252893915857,"train/q_loss":6.8575849533081055,"time/update":0.16213450193405116,"time/rb - extend":0.23827099800109863,"time/rb - sample":0.033408626437187325,"train/actor_loss":-2.09000301361084,"train/ent_coef":0.5487773418426514,"time/train":511.6076319217682,"_runtime":742.194652798,"train/learning_rate_actor":0.0003,"time/collect":12.659096240997314,"rollout/episode_length":150,"train/ent_coef_loss":-2.0192441940307617}