{"rollout/action_std":0.6229309439659119,"_runtime":71.050445312,"rollout/reward":239.56329345703125,"time/train":1.9073486328125e-06,"_wandb":{"runtime":71},"rollout/reward_std":98.13539123535156,"_step":4864,"rollout/reward_step_mean":1.5670347213745117,"rollout/episode_length":150,"rollout/reward_step_std":0.8580203652381897,"time/collect":3.395186185836792,"time/rb - extend":0.07526421546936035,"rollout/episodes_in_batch":8,"progress/num_timesteps":4864,"_timestamp":1.7736645167802255e+09,"time/fps":76.14642104871434,"rollout/action_mean_abs":0.5515053272247314}