{"progress/num_timesteps":1792,"time/fps":63.246184583547596,"rollout/reward":276.17572021484375,"rollout/episodes_in_batch":8,"_timestamp":1.7737521405687604e+09,"time/rb - extend":0.2168102264404297,"_runtime":37.109169141,"_wandb":{"runtime":37},"time/train":1.430511474609375e-06,"rollout/reward_std":79.8237075805664,"rollout/action_mean_abs":0.5682641863822937,"rollout/action_std":0.6393231153488159,"rollout/episode_length":150,"rollout/reward_step_std":1.6506577730178833,"rollout/reward_step_mean":0.17380404472351074,"_step":1792,"time/collect":3.20839262008667}