{"time/speed":62.57114403436625,"_wandb":{"runtime":1974},"time/collect":8.472897052764893,"time/rb - sample":0.0008135092258453374,"time/rb - extend":0.0018970966339111328,"rollout/reward":-117.9129867553711,"train/learning_rate_actor":0.0003,"_runtime":1974.372631771,"train/ent_coef":0.0015280917286872864,"train/ent_coef_loss":0.006618821993470192,"rollout/episode_length":1000,"time/train":6.244923830032349,"train/actor_loss":0.21541225910186768,"_step":89000,"train/q_loss":0.401224821805954,"_timestamp":1.7731628382635636e+09,"time/update":0.00397103118896485}