{"time/update":0.0024133474826812705,"time/rb - sample":0.0005128421783447261,"time/rb - extend":0.0016586780548095703,"train/actor_loss":-0.6876125335693359,"train/episode_length":1000,"train/q_loss":0.8216418623924255,"_step":9000,"time/train":3.308168888092041,"train/reward":-224.7257843017578,"_runtime":88.287597397,"_timestamp":1.7731586980184476e+09,"train/alpha_loss":-13.643094062805176,"time/collect":2.7900750637054443,"time/speed":98.20636621185714,"_wandb":{"runtime":88}}