{"progress/num_timesteps":9984,"_wandb":{"runtime":493},"rollout/action_mean_abs":0.5120664834976196,"train/learning_rate_actor":0.0003,"time/fps":21.52837415174157,"eval/video":{"size":457720,"path":"media/videos/eval/video_4864_3312365e2661a34679e1.mp4","width":480,"height":480,"_type":"video-file","sha256":"3312365e2661a34679e1e5198d5d44fb9cbe7bc3849816b10925d4204bc2306a"},"train/actor_loss":-1.7738139629364014,"time/rb - sample":0.008663505315780633,"_timestamp":1.7736784606347077e+09,"time/train":8.442339897155762,"_step":9984,"time/update":0.08072131499648091,"train/ent_coef":0.6809586882591248,"rollout/reward_std":354.1090087890625,"rollout/episodes_in_batch":8,"rollout/reward":490.9429931640625,"eval/reward":11.955907440185547,"rollout/action_std":0.5817795991897583,"time/rb - extend":0.07667875289916992,"rollout/reward_step_std":0.3384432792663574,"rollout/reward_step_mean":-0.22901156544685364,"_runtime":493.162395542,"train/q_loss":2.59788179397583,"rollout/episode_length":150,"train/ent_coef_loss":-1.396967887878418,"time/collect":3.6938090324401855}