{"progress/num_timesteps":11776,"rollout/episodes_in_batch":8,"rollout/action_std":0.6339954137802124,"_runtime":157.849315483,"_step":11776,"time/train":1.430511474609375e-06,"rollout/action_mean_abs":0.563342809677124,"time/collect":3.185621500015259,"rollout/reward":302.61962890625,"rollout/reward_step_mean":-0.1460738480091095,"rollout/reward_std":128.48220825195312,"_timestamp":1.7737400605136092e+09,"time/rb - extend":0.07214665412902832,"rollout/episode_length":150,"time/fps":78.1091107950943,"rollout/reward_step_std":0.7408978343009949,"_wandb":{"runtime":157}}