{"train/reward":-370.8126220703125,"_runtime":82.47344682,"train/alpha_loss":-13.642515182495117,"_timestamp":1.7731592006729634e+09,"time/rb - extend":0.0018291473388671875,"time/rb - sample":0.0006968696117401128,"_wandb":{"runtime":82},"train/q_loss":0.8142765164375305,"train/episode_length":1000,"time/collect":3.389091968536377,"time/update":0.0031441433429718,"time/train":4.450342893600464,"_step":9000,"train/actor_loss":-0.7642424702644348,"time/speed":113.16460618373509}