{"time/collect":12.797991275787354,"rollout/reward":[247.12698364257812,177.53485107421875,1348.2513427734375,265.2346496582031,335.5874328613281,454.7301025390625,296.2900085449219,315.8207092285156],"time/fps":72.29260690097362,"_timestamp":1.773393633732974e+09,"_runtime":71.33082381,"_wandb":{"runtime":71},"_step":4000,"time/train":1.9073486328125e-06,"time/rb - extend":0.23847150802612305,"rollout/episode_length":150}