{"rollout/reward_step_std":1.6135237216949463,"train/actor_loss":-0.6649625897407532,"eval/reward":-113.20525207519532,"train/ent_coef":0.29639607667922974,"_step":53504,"rollout/episode_length":150,"rollout/reward_std":119.4670181274414,"time/fps":18.69021232616494,"progress/num_timesteps":53504,"time/train":9.507425785064697,"_runtime":2732.148868758,"train/q_loss":0.8866828680038452,"time/collect":3.2647461891174316,"rollout/reward":368.197021484375,"time/rb - extend":0.07439446449279785,"train/learning_rate_actor":0.0001,"rollout/reward_step_mean":1.1090787649154663,"rollout/episodes_in_batch":8,"_wandb":{"runtime":2732},"train/ent_coef_loss":-4.52935266494751,"rollout/action_mean_abs":0.496862530708313,"_timestamp":1.773678626855165e+09,"time/update":0.09510010853409763,"rollout/action_std":0.5741571187973022,"time/rb - sample":0.029099904000759118}