{"time/fps":72.0057604165722,"rollout/reward":[685.90185546875,309.0604553222656,1559.944580078125,613.980712890625,721.4595947265625,438.9103698730469,280.0641784667969,797.5570068359375],"time/rb - extend":0.24352645874023438,"time/train":1.6689300537109375e-06,"_wandb":{"runtime":72},"_step":4000,"_runtime":72.800227693,"rollout/episode_length":150,"time/collect":12.70044755935669,"_timestamp":1.7733925827837315e+09}