{"time/rb - extend":0.044565439224243164,"train/actor_loss":-0.0911853015422821,"rollout/action_std":0.5826050639152527,"rollout/reward_step_mean":-0.035600874572992325,"train/q_loss":0.5268004536628723,"time/rb - sample":0.007868919521570202,"time/train":8.28859806060791,"time/update":0.09642950445413587,"rollout/episodes_in_batch":8,"train/ent_coef":0.08285042643547058,"_timestamp":1.7737224749331346e+09,"progress/num_timesteps":1000192,"eval/video":{"height":480,"_type":"video-file","sha256":"6da7dacc99f4f20b9a8abf91b1e0542405e86d93d9d3700d7536dac7787236ba","size":503959,"path":"media/videos/eval/video_999936_6da7dacc99f4f20b9a8a.mp4","width":480},"_wandb":{"runtime":40810},"_runtime":40810.264530084,"time/fps":25.84879122857701,"time/collect":4.866775274276733,"rollout/episode_length":150,"rollout/action_mean_abs":0.5069112777709961,"rollout/reward":244.595947265625,"rollout/reward_std":30.975631713867188,"train/ent_coef_loss":-9.283910751342773,"rollout/reward_step_std":0.936595618724823,"_step":1000192,"train/learning_rate_actor":0.0003,"eval/reward":-193.39589233398436}