{"_timestamp":1.773395520079169e+09,"_wandb":{"runtime":695},"time/rb - sample":0.022115834116935622,"_step":1000,"time/fps":76.31426279151496,"train/ent_coef_loss":-2.019336700439453,"time/rb - extend":2.2196967601776123,"train/learning_rate_actor":0.0003,"train/actor_loss":-2.0734188556671143,"time/update":0.12443858230113977,"_runtime":695.119819308,"train/q_loss":7.097898960113525,"time/train":409.78094267845154,"train/ent_coef":0.5487673878669739,"time/collect":13.090606451034546}