{"time/fps":18.02130767644889,"_runtime":144.050848978,"rollout/episode_length":150,"time/collect":51.98843955993652,"_wandb":{"runtime":144},"_timestamp":1.773390818335222e+09,"rollout/reward":[815.5148315429688,230.94444274902344,308.5792236328125,200.8823699951172,173.125,275.45733642578125],"time/train":2.1457672119140625e-06,"time/rb - extend":0.23418951034545898,"_step":2000}