{"rollout/reward_step_std":0.9714666604995728,"rollout/reward_std":401.8732604980469,"train/ent_coef":1.4159969091415405,"rollout/reward_step_mean":-0.2589838206768036,"rollout/episodes_in_batch":8,"_wandb":{"runtime":220},"time/train":12.13627314567566,"_timestamp":1.773675636010468e+09,"time/rb - extend":0.08527612686157227,"rollout/action_mean_abs":0.5200799703598022,"_step":7168,"rollout/reward":632.5557861328125,"_runtime":220.308020587,"progress/num_timesteps":7168,"train/ent_coef_loss":1.3122684955596924,"time/rb - sample":0.02918989583849906,"time/collect":3.5765082836151123,"rollout/episode_length":150,"time/fps":18.642950946044767,"train/learning_rate_actor":0.0001,"train/actor_loss":-3.643752098083496,"train/q_loss":6.537234306335449,"rollout/action_std":0.5928030014038086,"time/update":0.11298432946205138}