{"_wandb":{"runtime":72},"rollout/action_std":0.6184983849525452,"rollout/reward_std":129.9767303466797,"time/rb - extend":0.07772374153137207,"time/collect":3.3689985275268555,"_timestamp":1.7736642367751338e+09,"rollout/reward":388.69696044921875,"rollout/reward_step_mean":2.591740131378174,"progress/num_timesteps":4864,"time/train":1.6689300537109375e-06,"rollout/episodes_in_batch":8,"_runtime":72.306731978,"rollout/action_mean_abs":0.5451929569244385,"rollout/episode_length":150,"rollout/reward_step_std":0.9583158493041992,"time/fps":74.98042048324027,"_step":4864}