{"rollout/reward_step_mean":0.15236324071884155,"progress/num_timesteps":19968,"embed/mean_feat_std":0.13594968616962433,"rollout/reward_std":52.09150695800781,"_step":19968,"rollout/episode_length":150,"rollout/reward":223.60568237304688,"time/train":1.1920928955078125e-06,"_runtime":290.335074748,"time/collect":3.2565479278564453,"embed/mean_cos_sim":0.9092737436294556,"embed/mean_norm":272.85064697265625,"rollout/action_std":0.6449401378631592,"_wandb":{"runtime":290},"rollout/reward_step_std":0.43826279044151306,"time/fps":73.6745038285806,"rollout/episodes_in_batch":8,"time/rb - extend":0.21899199485778809,"rollout/action_mean_abs":0.5750665664672852,"_timestamp":1.7737453102816942e+09}