{"train/log_alpha":0.20061329007148743,"train/ent_coef_loss":0.7969815135002136,"time/update":0.1610985761508346,"time/rb - sample":0.04577046167105442,"progress/num_timesteps":6912,"train/learning_rate_actor":0.0001,"rollout/reward_std":237.42019653320312,"train/ent_coef":1.2221519947052002,"_step":6912,"train/actor_loss":-3.285661220550537,"rollout/reward_step_std":1.145453929901123,"rollout/episode_length":150,"rollout/action_mean_abs":0.49633654952049255,"rollout/reward":473.9621887207031,"time/fps":3.9679413608881813,"_wandb":{"runtime":650},"rollout/reward_step_mean":2.103557825088501,"time/collect":3.3719322681427,"time/rb - extend":0.07831645011901855,"_runtime":650.904962883,"_timestamp":1.7736690428643801e+09,"train/q_loss":12.859797477722168,"time/train":67.42442321777344,"rollout/episodes_in_batch":8,"rollout/action_std":0.5709289312362671}