{"time/fps":74.9831401063733,"_runtime":71.549270685,"rollout/episodes_in_batch":8,"_wandb":{"runtime":71},"time/rb - extend":0.06512618064880371,"rollout/reward":303.4010009765625,"time/train":1.430511474609375e-06,"time/collect":3.4636285305023193,"rollout/episode_length":150,"rollout/action_mean_abs":0.5640847086906433,"_timestamp":1.7736580927410648e+09,"progress/num_timesteps":4864,"rollout/reward_step_std":1.015145182609558,"rollout/reward_step_mean":1.5607552528381348,"rollout/action_std":0.6354796290397644,"_step":4864,"rollout/reward_std":140.02963256835938}