{"progress/num_timesteps":4864,"time/rb - extend":0.07982587814331055,"rollout/reward_std":192.0864715576172,"time/fps":76.21127128155089,"_step":4864,"rollout/reward_step_std":1.9898535013198853,"_runtime":71.225958219,"rollout/reward":291.9578857421875,"rollout/episodes_in_batch":8,"_wandb":{"runtime":71},"time/collect":3.2732486724853516,"rollout/action_mean_abs":0.5800173878669739,"_timestamp":1.773665685992073e+09,"rollout/reward_step_mean":2.058417320251465,"rollout/action_std":0.6379112601280212,"rollout/episode_length":150,"time/train":2.1457672119140625e-06}