{"time/rb - sample":0.034107209563255254,"time/rb - extend":2.250653028488159,"train/learning_rate_actor":0.0003,"train/q_loss":8.767280578613281,"_wandb":{"runtime":549},"time/fps":74.46251247565009,"time/collect":13.412925004959106,"_timestamp":1.7733970001363358e+09,"train/ent_coef":0.5487717390060425,"train/actor_loss":-2.096017360687256,"_step":1000,"time/update":0.16113588559627473,"_runtime":549.048312196,"train/ent_coef_loss":-2.019324541091919,"time/train":511.2046706676483}