{"eval/reward":-6.4202343940734865,"time/collect":4.2261316776275635,"rollout/episode_length":150,"_wandb":{"runtime":291},"rollout/reward":320.3124084472656,"_timestamp":1.7737533655531101e+09,"_step":4608,"rollout/action_std":0.6284523010253906,"rollout/reward_step_std":1.4729950428009033,"progress/num_timesteps":4608,"rollout/reward_step_mean":-0.10957613587379456,"eval/video":{"height":480,"_type":"video-file","sha256":"b12fcedf7bb7b9fb13bf108fdf19e17ceb4d099a58277b79d31a61436c1c44b8","size":1140572,"path":"media/videos/eval/video_3840_b12fcedf7bb7b9fb13bf.mp4","width":480},"rollout/action_mean_abs":0.5549747943878174,"rollout/reward_std":125.56168365478516,"rollout/episodes_in_batch":8,"time/fps":9.504533887856105,"_runtime":291.294890185,"time/rb - extend":0.22849464416503906,"time/train":2.1457672119140625e-06}