{"_runtime":72.197561299,"rollout/reward_step_std":0.8340239524841309,"time/collect":3.3902554512023926,"progress/num_timesteps":4864,"rollout/reward_std":18.080827713012695,"rollout/episode_length":150,"rollout/reward_step_mean":1.1665983200073242,"time/train":2.86102294921875e-06,"rollout/reward":164.03579711914062,"_wandb":{"runtime":72},"time/fps":76.22188176636185,"rollout/episodes_in_batch":8,"_timestamp":1.7736674594125988e+09,"rollout/action_mean_abs":0.557801365852356,"rollout/action_std":0.6214132905006409,"time/rb - extend":0.07555651664733887,"_step":4864}