{"_step":10000,"_timestamp":1.7733913621330574e+09,"time/rb - extend":0.23529577255249023,"rollout/episode_length":150,"time/train":1.9073486328125e-06,"_runtime":581.443572155,"time/fps":17.96898193506036,"time/collect":54.93703365325928,"rollout/reward":[414.3071594238281,257.4342956542969,391.5379638671875,281.1665344238281,218.9537353515625,434.6802062988281],"_wandb":{"runtime":581}}