{"rollout/reward_step_std":1.1091747283935547,"_runtime":71.227381115,"time/train":1.1920928955078125e-06,"progress/num_timesteps":4864,"rollout/reward_step_mean":2.4780399799346924,"_timestamp":1.7736587635594084e+09,"rollout/reward":543.5802612304688,"time/collect":3.4863340854644775,"rollout/action_std":0.6396966576576233,"rollout/reward_std":362.4654541015625,"_step":4864,"time/fps":75.38042164792104,"rollout/episodes_in_batch":8,"_wandb":{"runtime":71},"rollout/action_mean_abs":0.567812979221344,"time/rb - extend":0.07642936706542969,"rollout/episode_length":150}