{"embed/mean_feat_std":0.3429425358772278,"time/train":18.718442916870117,"time/rb - sample":0.08593957871198651,"eval/reward":-36.51396522521973,"_runtime":932.353254186,"train/mean_q_actor":-0.22148871421813965,"time/update":0.16911242902278897,"train/ent_coef_loss":-0.051412418484687805,"embed/mean_cos_sim":0.47459927201271057,"train/q_loss":4.070827484130859,"rollout/action_mean_abs":0.5201911926269531,"train/grad_norm_actor":0.670589562260452,"_wandb":{"runtime":932},"train/ent_coef":0.9860053062438965,"rollout/reward_step_mean":0.575556218624115,"train/entropy":2.734076499938965,"train/grad_norm_critic":0,"time/rb - extend":0.22614741325378418,"rollout/action_std":0.5906645059585571,"rollout/episode_length":150,"_timestamp":1.7737520027408843e+09,"time/fps":5.467216194144091,"_step":25856,"embed/mean_norm":269.89910888671875,"train/actor_loss":-2.474325180053711,"time/collect":3.3923323154449463,"rollout/reward_std":82.85012817382812,"train/learning_rate_actor":0.0003,"rollout/reward":305.4468688964844,"rollout/reward_step_std":0.8042930960655212,"eval/video":{"width":1448,"height":1448,"_type":"video-file","sha256":"75b4b1f2110b6fbb37ab765fd0128269dc14ae93dd8228989838d44c01c5e6fa","size":33928,"path":"media/videos/eval/video_24832_75b4b1f2110b6fbb37ab.mp4"},"rollout/episodes_in_batch":8,"progress/num_timesteps":25600}