{"rollout/reward_step_std":0.6920980215072632,"time/train":21.273523092269897,"train/grad_norm_actor":0.5249336652309469,"time/collect":3.5334346294403076,"rollout/action_std":0.5940229892730713,"rollout/reward_std":180.14207458496094,"time/rb - sample":0.08527553826570508,"rollout/action_mean_abs":0.5211870670318604,"train/mean_q_actor":-0.04453420639038086,"train/learning_rate_actor":0.0003,"train/actor_loss":-2.6560287475585938,"progress/num_timesteps":24832,"rollout/episodes_in_batch":8,"_wandb":{"runtime":1834},"embed/mean_feat_std":0.3398377299308777,"train/ent_coef_loss":-0.04422988370060921,"embed/mean_norm":273.1548767089844,"_runtime":1834.614226799,"time/fps":10.564130997987597,"_step":24832,"rollout/reward_step_mean":0.388811856508255,"train/entropy":2.7336342334747314,"rollout/episode_length":150,"time/update":0.20796816423535344,"time/rb - extend":0.24248743057250977,"_timestamp":1.7737656896129956e+09,"train/ent_coef":0.9879021048545837,"embed/mean_cos_sim":0.4979439973831177,"train/grad_norm_critic":0,"rollout/reward":405.3853454589844,"train/q_loss":4.574702739715576}