{"time/train":2.384185791015625e-06,"time/collect":12.634738683700562,"_runtime":71.805446519,"time/fps":72.66794299628826,"_timestamp":1.773393173400303e+09,"rollout/reward":[293.958251953125,178.36056518554688,526.2252197265625,230.5680389404297,385.56927490234375,269.66510009765625,289.0590515136719,280.03887939453125],"rollout/episode_length":150,"_wandb":{"runtime":71},"_step":4000,"time/rb - extend":0.24185514450073242}