{"time/rb - extend":1.6652727127075195,"progress/num_timesteps":256,"_runtime":9.875609651,"rollout/action_std":0.6410826444625854,"_wandb":{"runtime":9},"time/fps":63.53025252306513,"time/train":3.0994415283203125e-06,"rollout/reward_step_std":1.2004177570343018,"rollout/reward_step_mean":-0.14628702402114868,"_step":256,"_timestamp":1.7737438888107548e+09,"rollout/action_mean_abs":0.568569004535675,"time/collect":4.029371976852417}