{"rollout/episode_length":150,"rollout/reward":[364.4263916015625,209.40626525878906,506.40020751953125,192.270263671875,305.28314208984375,633.1478271484375,152.5129852294922,346.3127136230469],"_timestamp":1.7733923751660168e+09,"_runtime":72.762421871,"_step":4000,"time/collect":13.056457042694092,"time/rb - extend":0.23849725723266602,"_wandb":{"runtime":72},"time/train":1.6689300537109375e-06,"time/fps":71.64905393868459}