{"_timestamp":1.773738803266194e+09,"rollout/reward_step_std":1.629927396774292,"_wandb":{"runtime":282},"rollout/action_mean_abs":0.5592682361602783,"rollout/reward_std":523.8045654296875,"_step":19968,"time/rb - extend":0.07251811027526855,"rollout/action_std":0.6319834589958191,"time/collect":3.110130786895752,"rollout/reward_step_mean":1.005030870437622,"rollout/episode_length":150,"rollout/episodes_in_batch":8,"progress/num_timesteps":19968,"rollout/reward":703.3309326171875,"time/train":1.9073486328125e-06,"_runtime":282.298287332,"time/fps":77.90052885032689}