{"time/rb - extend":0.2575044631958008,"_runtime":72.057764406,"rollout/reward":[269.0287780761719,172.36587524414062,384.4880065917969,179.7975616455078,253.6343536376953,400.05450439453125,153.8904571533203,180.1491241455078],"time/fps":72.19647525764441,"rollout/episode_length":150,"time/collect":12.801436424255371,"_timestamp":1.7733933659840736e+09,"time/train":1.9073486328125e-06,"_step":4000,"_wandb":{"runtime":72}}