{"rollout/episode_length":150,"time/collect":3.307866334915161,"_runtime":72.914506646,"rollout/episodes_in_batch":8,"time/fps":75.61250538119941,"_step":4864,"rollout/reward_step_std":1.082747459411621,"rollout/action_std":0.6251214146614075,"_wandb":{"runtime":72},"time/rb - extend":0.07409238815307617,"rollout/reward_std":134.2115936279297,"_timestamp":1.773666688636052e+09,"rollout/reward_step_mean":1.6443994045257568,"rollout/reward":263.85797119140625,"progress/num_timesteps":4864,"rollout/action_mean_abs":0.5557782649993896,"time/train":1.6689300537109375e-06}