{"_step":4864,"time/fps":75.92629181683108,"rollout/action_std":0.6363646984100342,"_wandb":{"runtime":72},"_timestamp":1.7736665260317628e+09,"_runtime":72.357567054,"rollout/reward_std":503.1717834472656,"progress/num_timesteps":4864,"time/collect":3.2876875400543213,"rollout/action_mean_abs":0.5659393072128296,"rollout/episode_length":150,"time/train":1.430511474609375e-06,"rollout/reward_step_mean":3.9667229652404785,"rollout/reward":531.1690673828125,"rollout/episodes_in_batch":8,"rollout/reward_step_std":4.963106155395508,"time/rb - extend":0.07814407348632812}