{"rollout/reward_step_std":0.31060346961021423,"rollout/action_mean_abs":0.5471917390823364,"rollout/reward":693.6887817382812,"rollout/episode_length":150,"time/fps":59.83365961079368,"time/train":2.6226043701171875e-06,"time/rb - extend":0.24744701385498047,"_wandb":{"runtime":66},"time/collect":4.119121551513672,"rollout/episodes_in_batch":8,"_runtime":66.290375104,"rollout/action_std":0.6191335320472717,"progress/num_timesteps":3840,"rollout/reward_std":289.3057861328125,"_step":3840,"rollout/reward_step_mean":-0.393716037273407,"_timestamp":1.773753490978339e+09}