{"train/q_loss":0.8417287468910217,"time/update":0.003096013784408573,"_timestamp":1.773158999698267e+09,"time/rb - sample":0.000647996425628663,"time/rb - extend":0.0016551017761230469,"train/actor_loss":-0.7758455872535706,"time/train":4.384140968322754,"train/alpha_loss":-13.646581649780273,"_runtime":85.267967842,"train/reward":-241.39212036132812,"_step":9000,"time/speed":107.85154982585335,"train/episode_length":1000,"_wandb":{"runtime":85},"time/collect":3.5219273567199707}