{"time/collect":3.9001379013061523,"_wandb":{"runtime":41},"time/train":9.5367431640625e-07,"time/rb - extend":0.0017399787902832031,"_step":4000,"rollout/reward":-386.88812255859375,"rollout/episode_length":1000,"_runtime":41.87580604,"_timestamp":1.7731605993961072e+09,"time/speed":263.98087516701156}