{"rollout/action_std":0.618933379650116,"time/rb - extend":0.07446980476379395,"time/collect":3.39872407913208,"rollout/action_mean_abs":0.5468904972076416,"rollout/reward_std":282.3348083496094,"_timestamp":1.7736662000957618e+09,"rollout/reward_step_std":3.8893415927886963,"time/fps":73.91507204560077,"_step":4864,"rollout/reward_step_mean":3.136868953704834,"rollout/reward":402.1289978027344,"time/train":1.6689300537109375e-06,"progress/num_timesteps":4864,"rollout/episodes_in_batch":8,"rollout/episode_length":150,"_runtime":72.71061852,"_wandb":{"runtime":72}}