{"_timestamp":1.7733997351878169e+09,"train/actor_loss":-0.8630773425102234,"train/ent_coef_loss":-8.016740798950195,"train/q_loss":7.886615753173828,"time/train":59.320502042770386,"time/rb - extend":0.06147289276123047,"time/collect":3.216845989227295,"train/learning_rate_actor":0.0003,"time/rb - sample":0.0326333753764629,"rollout/reward":[1073.0303955078125,246.67124938964844,1563.512451171875,362.91796875,216.05148315429688,498.9139404296875,725.1287841796875,796.9768676757812],"train/ent_coef":0.29261377453804016,"time/fps":4.322140278530704,"_wandb":{"runtime":1088},"_step":8960,"_runtime":1088.897487434,"time/update":0.14007493201643212,"rollout/episode_length":150}