{"time/fps":72.50593098851793,"rollout/episode_length":150,"_wandb":{"runtime":72},"time/rb - extend":0.23995637893676758,"time/collect":12.71518063545227,"_step":4000,"_timestamp":1.7733921055284178e+09,"time/train":1.430511474609375e-06,"rollout/reward":[565.5409545898438,338.6888732910156,1070.30859375,698.794189453125,531.5635375976562,773.1832885742188,302.52581787109375,709.4669189453125],"_runtime":72.562759067}